id;title;summury;createdat
1;autrement plouf attribuer;complètement responsable;2023-11-21T05:41:12
2;dépouiller si bien que déchirer;commis mairie;2023-11-21T01:12:13
3;abattre renseigner;aussitôt que main-d’œuvre de façon à ce que;2023-11-21T23:34:37
4;tant pschitt;tout commis euh;2023-11-22T00:07:22
5;sécher énorme;à moins de piquer;2023-11-21T16:04:48
6;dessous rectorat;si;2023-11-21T17:16:29
7;biathlète assez à peine;également;2023-11-21T16:49:50
8;là dehors guide;chut proche pin-pon;2023-11-21T02:57:30
9;partenaire triste;persuader agréable classer;2023-11-21T12:27:28
10;si triathlète cueillir;après que;2023-11-21T05:49:47
