id;fullname;phone;position;location;birthday
1;avant-hier de peur de;+33 534550667;vouh;gâcher;2023-11-21
2;à même porte-parole du fait que;0486763023;assez;maigre clientèle à moins de;2023-11-21
3;vivace;+33 746621837;en outre de volontiers plutôt;si bien que vivace;2023-11-21
4;entre-temps au dépens de d'abord;+33 664893205;lorsque gens;miaou;2023-11-21
5;derrière;+33 104408197;atchoum terne marron;toc-toc;2023-11-21
6;groin groin;0759891831;diablement gigantesque;supporter atchoum lors;2023-11-21
7;athlète;+33 405704882;recta;épargner;2023-11-21
8;au-dessus;+33 679477725;tic-tac ici;coin-coin;2023-11-21
9;rectorat;+33 185143556;outre précisément;partenaire prétendre;2023-11-21
10;vide esquisser insuffisamment;+33 588109532;toc-toc;à l'insu de;2023-11-21
