id;title;start;jhi_end;link
1;cueillir approximativement;2023-11-22T01:00:28;2023-11-21T16:11:14;que probablement
2;à partir de bè;2023-11-21T16:52:18;2023-11-22T04:24:41;meuh souffler mature
3;immense bon;2023-11-21T22:13:47;2023-11-21T18:29:36;géométrique sombre collègue
4;quand ? de façon à ce que;2023-11-21T14:47:14;2023-11-21T14:58:58;plus miaou
5;à cause de surmonter;2023-11-22T00:50:21;2023-11-21T08:53:55;combien
6;augmenter;2023-11-21T23:20:54;2023-11-21T13:04:59;danser altruiste sympathique
7;auparavant même si;2023-11-22T00:17:57;2023-11-22T01:06:37;chef croâ
8;lorsque;2023-11-21T17:38:44;2023-11-22T03:31:59;pour que
9;biathlète;2023-11-21T20:30:22;2023-11-21T13:38:15;en bas de de sorte que complètement
10;bondir ouille prestataire de services;2023-11-21T21:46:56;2023-11-21T16:06:20;si svelte
