id;name;logo;logo_content_type;website;domain;phone
1;alors gigantesque;../fake-data/blob/hipster.png;image/png;vis-à-vie de affable un peu;tant;+33 704514171
2;transformer infime;../fake-data/blob/hipster.png;image/png;maigre tsoin-tsoin grrr;mairie dedans du fait que;+33 183892414
3;sitôt police extrêmement;../fake-data/blob/hipster.png;image/png;après parmi;intervenir;+33 339165631
4;jusque;../fake-data/blob/hipster.png;image/png;méconnaître;pendant équipe de recherche;0503532338
5;secours vétuste;../fake-data/blob/hipster.png;image/png;tsoin-tsoin brave selon;honorer;0798503754
6;enfin de façon à;../fake-data/blob/hipster.png;image/png;croâ habile quitte à;de manière à ce que membre de l’équipe nonobstant;+33 781555574
7;lâche déclencher;../fake-data/blob/hipster.png;image/png;presque;user;0506950988
8;bof espérer diplomate;../fake-data/blob/hipster.png;image/png;mieux;derechef naguère;0347763392
9;gai via;../fake-data/blob/hipster.png;image/png;maigre chef si bien que;touriste;+33 508186070
10;membre titulaire;../fake-data/blob/hipster.png;image/png;à la merci jusqu’à ce que pauvre;lécher toc-toc de peur de;0135220071
